{
  "threshold": 0.04,
  "train_f1": 0.3834168057874234,
  "test_metrics": {
    "precision": 0.22997032640949555,
    "recall": 0.7868020304568528,
    "f1": 0.35591274397244543,
    "accuracy": 0.439
  },
  "n_train": 4000,
  "n_test": 1000
}